name,age
Alice,25
Bob,17
Charlie,30
Eve,22
Adam,28
Alex,24
Amelia,29
Ben,21
Charlotte,26
Daniel,23
David,31
Ella,27
Emily,20
George,19
Grace,32
Hannah,28
Henry,24
Isabella,29
Jack,21
Jacob,26
James,23
Lily,31
Lucas,27
Mia,20
Michael,19
Olivia,32
Owen,28
Sophia,24
William,29
Abigail,21
Ava,26
Barry,23
Brandon,31
Brianna,27
Camila,20
Carlos,19
Chloe,32
Christian,28
Claire,24
Connor,29
Diana,21
Diego,26
Dylan,23
Elizabeth,31
Evelyn,27
Fiona,20
Gabriel,19
Gianna,32
Grayson,28
Hailey,24
Hazel,29
Ian,21
Isaac,26
Jade,23
Jason,31
Julian,27
Kate,20
Kevin,19
Laura,32
Leo,28
Levi,24
Liam,29
Lincoln,21
Logan,26
Luna,23
Madison,31
Mateo,27
Matthew,20
Megan,19
Melanie,32
Miles,28
Natalie,24
Nathan,29
Naomi,21
Nora,26
Nova,23
Oliver,31
Parker,27
Penelope,20
Peter,19
Phoebe,32
Quinn,28
Rachel,24
Richard,29
River,21
Ruby,26
Ryan,23
Sadie,31
Samantha,27
Sarah,20
Sebastian,19
Simon,32
Skyler,28
Sophie,24
Stella,29
Theodore,21
Thomas,26
Valentina,23
Victoria,31
Violet,27
Vincent,20
Walter,19
Wayne,32
Willow,28
Xander,24
Ximena,29
Yaretzi,21
Yosef,26
Yusuf,23
Zachary,31
Zara,27
Zoe,20